Information Description,Definition Term,Definition Meaning,Definition Exclusions,Rule Entity,Rule Type,Rule Description,Rule Conditions,Exemption Description,Refines,Is Refined By,Follows,Is Followed By,Exceptions,Is Exception To,References
1.0,1.0,1.0,0.8888888888888888,0.7777777777777778,0.7777777777777778,0.6666666666666666,0.6666666666666666,0.8888888888888888,0.6666666666666666,0.7777777777777778,0.7777777777777778,0.8888888888888888,0.8888888888888888,0.7777777777777778,0.7777777777777778
1.0,1.0,1.0,0.0,1.0,1.0,1.0,1.0,0.0,0.0,0.0,0.6666666666666666,0.0,0.0,0.0,0.5
1.0,1.0,1.0,0.0,1.0,1.0,1.0,0.5,0.0,0.0,0.0,0.6666666666666666,0.0,0.0,0.0,1.0
